START TRANSACTION;
insert into location (location_name, loc_address, city, loc_state, zip) VALUES ("Douthit Hills", "Oak Terrace", "Clemson", "SC", 29631);
insert into location (location_name, loc_address, city, loc_state, zip) VALUES ("HWY 123 - HWY 76", "1303 Tiger Blvd", "Clemson", "SC", 29631);
insert into location (location_name, loc_address, city, loc_state, zip) VALUES ("River St. Downtown", "536-598 River Street", "Greenvile", "SC", 29601);
insert into location (location_name, loc_address, city, loc_state, zip) VALUES ("Pleasantburg Shopping", "3275 N Pleasantburg Dr", "Greenville", "SC", 29609);
insert into location (location_name, loc_address, city, loc_state, zip) VALUES ("Furman Student Center", "3300 Pointsett Hwy", "Greenville", "SC", 29613);
insert into location (location_name, loc_address, city, loc_state, zip) VALUES ("Epicentre", "307-339 E 4th St", "Charlotte", "NC", 28202);
insert into location (location_name, loc_address, city, loc_state, zip) VALUES ("Mint Street Parking Deck", "410 Mint St", "Charlotte", "NC", 28202);
insert into location (location_name, loc_address, city, loc_state, zip) VALUES ("Lincoln Heights", "2121 Beatties Ford Rd", "Charlotte", "NC", 28216);
insert into location (location_name, loc_address, city, loc_state, zip) VALUES ("Hemming Plaza", "N Hogan St", "Jaxonville", "FL", 32202);
insert into location (location_name, loc_address, city, loc_state, zip) VALUES ("N Georgia - Gator Bowl Blvd", "2-98 N Georgia St", "Jaxonville", "FL", 32202);
insert into location (location_name, loc_address, city, loc_state, zip) VALUES ("Bank of America FL", "50 N Laura St", "Jaxonville", "FL", 32202);
insert into location (location_name, loc_address, city, loc_state, zip) VALUES ("Georgia Tech Student Center", "350 Ferst Dr NW", "Atlanta", "GA", 30332);
insert into location (location_name, loc_address, city, loc_state, zip) VALUES ("Administrative Services Clemson", "108 Perimeter Rd", "Clemson", "SC", 29631);
insert into location (location_name, loc_address, city, loc_state, zip) VALUES ("Jaxonville City Hall", "117 W Duval St", "Jaxonville", "FL", 32202);
COMMIT;

START TRANSACTION;
insert into customer (customer_name, cust_location_name, contact_name, contact_number) VALUES ("Bank of America", "Bank of America FL", "John Smith", "123-456-7891");
insert into customer (customer_name, cust_location_name, contact_name, contact_number) VALUES ("Clemson University", "Administrative Services Clemson", "Cam Newton", "634-145-1245");
insert into customer (customer_name, cust_location_name, contact_name, contact_number) VALUES ("Georgia Tech University", "Georgia Tech Student Center", "Matt Ryan", "124-654-3493");
insert into customer (customer_name, cust_location_name, contact_name, contact_number) VALUES ("Furman University", "Furman Student Center", "Sam Ponder", "386-362-9851");
insert into customer (customer_name, cust_location_name, contact_name, contact_number) VALUES ("Heming Plaza Offices", "Hemming Plaza", "Emily Ryan", "735-085-8452");
insert into customer (customer_name, cust_location_name, contact_name, contact_number) VALUES ("City of Jaxonville", "Jaxonville City Hall", "Carson Palmer", "563-981-1245");
insert into customer (customer_name, cust_location_name, contact_name, contact_number) VALUES ("Pleasantburg Shopping Center", "Pleasantburg Shopping", "Kate Adams", "124-987-1455");
insert into customer (customer_name, cust_location_name, contact_name, contact_number) VALUES ("Peace Center Offices", "River St. Downtown", "Tom Brady", "642-623-0981");
COMMIT;

START TRANSACTION;
insert into project (project_name, proj_customer_name, project_type, proj_location_name) VALUES ("123-76 Road Repave","Clemson University", "road work", "HWY 123 - HWY 76");
insert into project (project_name, proj_customer_name, project_type, proj_location_name) VALUES ("New Campus Buildings", "Clemson University", "buildings", "Douthit Hills");
insert into project (project_name, proj_customer_name, project_type, proj_location_name) VALUES ("JX Intersection Repave", "City of Jaxonville", "roadwork", "N Georgia - Gator Bowl Blvd");
insert into project (project_name, proj_customer_name, project_type, proj_location_name) VALUES ("Parking Garage BOA", "Bank of America", "buildings", "Mint Street Parking Deck");
insert into project (project_name, proj_customer_name, project_type, proj_location_name) VALUES ("Jaxonville Warehouse", null, "warehouse", "Hemming Plaza");
COMMIT;

START TRANSACTION;
insert into department (department_name, dept_manager_name) VALUES ("road work", null);
insert into department (department_name, dept_manager_name) VALUES ("sales", null);
insert into department (department_name, dept_manager_name) VALUES ("machine operators", null);
insert into department (department_name, dept_manager_name) VALUES ("woodwork", null);
insert into department (department_name, dept_manager_name) VALUES ("metalwork", null);
insert into department (department_name, dept_manager_name) VALUES ("finance", null);
COMMIT;

START TRANSACTION;
insert into employee (user_name, first_name, last_name, admin_rights, user_pass, phone, user_address, emp_department_name, emp_project_name) VALUES ("stDiggs", "Stephon", "Diggs", True, "password", "123-123-1245", "my address here", "road work", "123-76 Road Repave");
insert into employee (user_name, first_name, last_name, admin_rights, user_pass, phone, user_address, emp_department_name, emp_project_name) VALUES ("alSmith", "Alex", "Smith", False, "password", "633-745-2346", "my address here", "machine operators", "Jaxonville Warehouse");
insert into employee (user_name, first_name, last_name, admin_rights, user_pass, phone, user_address, emp_department_name, emp_project_name) VALUES ("drBrees", "Drew", "Brees", False, "password", "234-234-3145", "my address here", "machine operators", "JX Intersection Repave");
insert into employee (user_name, first_name, last_name, admin_rights, user_pass, phone, user_address, emp_department_name, emp_project_name) VALUES ("peMan", "Peyton", "Manning", False, "password", "743-753-2346", "my address here", "road work", "JX Intersection Repave");
insert into employee (user_name, first_name, last_name, admin_rights, user_pass, phone, user_address, emp_department_name, emp_project_name) VALUES ("clDemp", "Clint", "Dempsy", False, "password", "123-134-3643", "my address here", "metalwork", "Parking Garage BOA");
insert into employee (user_name, first_name, last_name, admin_rights, user_pass, phone, user_address, emp_department_name, emp_project_name) VALUES ("rxRyan", "Rex", "Ryan", True, "password", "none", "my address here", "machine operators", "Parking Garage BOA");
insert into employee (user_name, first_name, last_name, admin_rights, user_pass, phone, user_address, emp_department_name, emp_project_name) VALUES ("jaDoe", "Jane", "Doe", False, "password", "634-367-1235", "my address here", "metalwork", "Parking Garage BOA");
insert into employee (user_name, first_name, last_name, admin_rights, user_pass, phone, user_address, emp_department_name, emp_project_name) VALUES ("alAdams", "Alexa", "Adams", False, "password", "632-786-1245", "my address here", "sales", null);
insert into employee (user_name, first_name, last_name, admin_rights, user_pass, phone, user_address, emp_department_name, emp_project_name) VALUES ("madSmit", "Maddie", "Smith", False, "password", "243-632-2345", "my address here", "sales", null);
insert into employee (user_name, first_name, last_name, admin_rights, user_pass, phone, user_address, emp_department_name, emp_project_name) VALUES ("jCash", "John", "Cash", False, "password", "232-563-2356", "my address here", "machine operators", "New Campus Buildings");
insert into employee (user_name, first_name, last_name, admin_rights, user_pass, phone, user_address, emp_department_name, emp_project_name) VALUES ("raTodd", "Rachel", "Todd", True, "password", "523-567-7543", "my address here", "metalwork", "New Campus Buildings");
insert into employee (user_name, first_name, last_name, admin_rights, user_pass, phone, user_address, emp_department_name, emp_project_name) VALUES ("nCage", "Nick", "Cage", False, "password", "523-567-6783", "my address here", "road work", "JX Intersection Repave");
insert into employee (user_name, first_name, last_name, admin_rights, user_pass, phone, user_address, emp_department_name, emp_project_name) VALUES ("dCarr", "Derek", "Carr", True, "password", "none", "my address here", "machine operators", "Parking Garage BOA");
COMMIT;

START TRANSACTION;
insert into department (department_id, department_name) VALUES (1, "road work") ON DUPLICATE KEY UPDATE dept_manager_name="stDiggs";
insert into department (department_id, department_name) VALUES (2, "sales") ON DUPLICATE KEY UPDATE dept_manager_name="madSmit";
insert into department (department_id, department_name) VALUES (3, "machine operators") ON DUPLICATE KEY UPDATE dept_manager_name="dCarr";
insert into department (department_id, department_name) VALUES (5, "metalwork") ON DUPLICATE KEY UPDATE dept_manager_name="raTodd";
COMMIT;

START TRANSACTION;
insert into supplier (supplier_name, supp_location_name, contact_name, product_type, phone_number) VALUES ("Pavement People","Epicentre", "John Adams", "pavement", "958-123-4567");
insert into supplier (supplier_name, supp_location_name, contact_name, product_type, phone_number) VALUES ("Lowes", "Pleasantburg Shopping", "Colin Williams", "wood", "129-631-6525");
insert into supplier (supplier_name, supp_location_name, contact_name, product_type, phone_number) VALUES ("Home Depot", "Pleasantburg Shopping", "Sam Smith", "metal", "715-981-7234");
insert into supplier (supplier_name, supp_location_name, contact_name, product_type, phone_number) VALUES ("Flooring Center", "Lincoln Heights", "Nick Adams", "flooring", "887-971-9154");
COMMIT;

START TRANSACTION;
insert into inventory (inventory_type, category, inv_supplier_name, inv_location_name, number_of) VALUES ("2x4", "wood", "Lowes", "Hemming Plaza", 20);
insert into inventory (inventory_type, category, inv_supplier_name, inv_location_name, number_of) VALUES ("marble title", "flooring", "Flooring Center", "Hemming Plaza",20);
insert into inventory (inventory_type, category, inv_supplier_name, inv_location_name, number_of) VALUES ("black tile", "flooring", "Flooring Center", "Hemming Plaza", 20);
insert into inventory (inventory_type, category, inv_supplier_name, inv_location_name, number_of) VALUES ("10 ft beams", "metal", "Home Depot", "Hemming Plaza", 20);
insert into inventory (inventory_type, category, inv_supplier_name, inv_location_name, number_of) VALUES ("pavement", "road work", "Pavement People", "Hemming Plaza", 20);
insert into inventory (inventory_type, category, inv_supplier_name, inv_location_name, number_of) VALUES ("nails", "accesories",  "Lowes", "Hemming Plaza", 20);
COMMIT;
